{
  "best_model": "RandomForest",
  "selection_mode": "threshold_optimized",
  "threshold": 0.36,
  "select_metric": "F2_failure_1",
  "grid_refit": "F2_failure_1",
  "features": [
    "model",
    "capacity_bytes",
    "smart_5_raw",
    "smart_9_raw",
    "smart_187_raw",
    "smart_188_raw",
    "smart_194_raw",
    "smart_197_raw",
    "smart_198_raw",
    "smart_199_raw"
  ],
  "target": "failure",
  "input_csv": "D:\\study\\pc_failure_data_scripts\\data\\processed\\storage_failure_2016q1_normal_failures_5000max.csv",
  "created_at": "20260614_163105",
  "best_row": {
    "Dataset": "storage",
    "Model": "RandomForest",
    "Mode": "threshold_search",
    "Threshold": 0.36,
    "Train_Count": 40400,
    "Test_Count": 10100,
    "Accuracy": 0.9721782178217822,
    "Balanced_Accuracy": 0.9195824175824177,
    "Precision_macro": 0.9237369488254012,
    "Recall_macro": 0.9195824175824177,
    "F1_macro": 0.9216463709481827,
    "Precision_weighted": 0.9720470053226538,
    "Recall_weighted": 0.9721782178217822,
    "F1_weighted": 0.9721096873920436,
    "Precision_normal_0": 0.9839754143343211,
    "Recall_normal_0": 0.9851648351648352,
    "F1_normal_0": 0.9845697655263302,
    "Precision_failure_1": 0.8634984833164813,
    "Recall_failure_1": 0.854,
    "F1_failure_1": 0.8587229763700351,
    "F2_failure_1": 0.8558829424734415,
    "Specificity_normal_0": 0.9851648351648352,
    "False_Positive_Rate": 0.014835164835164835,
    "False_Negative_Rate": 0.146,
    "ROC_AUC": 0.9679573626373627,
    "PR_AUC": 0.9093241537676562,
    "Matthews_Corrcoef": 0.8433091328976795,
    "Cohen_Kappa": 0.843293265381621,
    "Log_Loss": 0.1541027831175117,
    "Brier_Score": 0.031117559013220518,
    "TN": 8965,
    "FP": 135,
    "FN": 146,
    "TP": 854,
    "Best_Params": "{'model__max_depth': 20, 'model__n_estimators': 200}",
    "CV_Accuracy": 0.9772772037996201,
    "CV_Balanced_Accuracy": 0.9081708443780915,
    "CV_Precision_macro": 0.9608783142345937,
    "CV_Recall_macro": 0.9081708443780915,
    "CV_F1_macro": 0.9324878743263452,
    "CV_Precision_weighted": 0.9767813307506966,
    "CV_Recall_weighted": 0.9772772037996201,
    "CV_F1_weighted": 0.9765881573611775,
    "CV_Precision_failure_1": 0.9410487046874922,
    "CV_Recall_failure_1": 0.8220010399901324,
    "CV_F1_failure_1": 0.8774985843535319,
    "CV_F2_failure_1": 0.8433344156133048,
    "CV_ROC_AUC": 0.9712715373381201,
    "CV_PR_AUC": 0.916591047399988
  }
}